{"cameraMode":{"drawMode":0,"name":"Shaded","section":"Shading Mode"},"sceneLighting":true,"audioPlay":false,"sceneViewState":{"showFog":true,"showMaterialUpdate":false,"showSkybox":true,"showFlares":true,"showImageEffects":true,"showParticleSystems":true},"in2DMode":false,"pivot":{"x":7.492844581604004,"y":3.3528428077697756,"z":-0.7756099700927734},"rotation":{"x":0.13337410986423493,"y":-0.02793852984905243,"z":0.003707949770614505,"w":0.9907569289207459},"size":26.195568084716798,"orthographic":false}