{"cameraMode":{"drawMode":0,"name":"Shaded","section":"Shading Mode"},"sceneLighting":true,"audioPlay":false,"sceneViewState":{"showFog":true,"showMaterialUpdate":false,"showSkybox":true,"showFlares":true,"showImageEffects":true,"showParticleSystems":true},"in2DMode":false,"pivot":{"x":0.9985120296478272,"y":3.7495203018188478,"z":-2.4720301628112795},"rotation":{"x":0.0448317676782608,"y":-0.6467679738998413,"z":0.038025401532649997,"w":0.7605929970741272},"size":4.683145523071289,"orthographic":false}